Mode,Success Rate,Time,Generations,Distance,Angle
Bio IK,79.237%,2.5775177652864656 s,4.46847,0.014889899117777704 m,0.0005492708355728943 °
Exhaustive Fusion IK,73.939%,2.4850492881429846 s,6.2113,0.008474805324065375 m,0.00032963673100801927 °
Fusion IK,79.833%,2.5035581041499504 s,4.34794,0.011275722800740297 m,0.0004646806397034765 °
Greedy Fusion IK,73.939%,2.5205613867932155 s,4.58776,0.008474805324065375 m,0.00032963673100801927 °