Mode,Success Rate,Time,Distance,Angle
Bio IK,97.27028724801553%,2.0017092506152623 s,0.0019376726075313827 m,5.289457154811717e-05 °
Fusion IK 0,97.20461424247617%,2.005143096917763 s,0.0016185432056894792 m,4.619958804902963e-05 °