Mode,Success Rate (%),Time (s),Fitness
Bio IK,98.207%,2.114864616664184,2.9636771763922414
Fusion IK,97.943%,2.101418372035378,1.6696328732280303