Mode,Success Rate (%),Time (s),Fitness
Bio IK,97.24199999999999%,2.122979537004974,2.993616125020451
Fusion IK,96.92%,2.1094599256542823,1.6650857864136575