Mode,Success Rate (%),Time (s),Fitness
Bio IK,98.592%,2.1111384408817937,2.9479428943763
Fusion IK,98.423%,2.0975046775246997,1.6486376939348832