Mode,Success Rate (%),Time (s),Fitness
Bio IK,97.738%,2.1189124056406996,2.972889717416936
Fusion IK,97.44%,2.105789025034834,1.6652992599926517