Mode,Success Rate,Time,Distance,Angle,Milliseconds
Bio IK,86.923%,2.118378746466592 s,0.015521648921642607 m,0.0006207016692360639 °,13.41178
Fusion IK 0,87.356%,2.1062620933020044 s,0.012783712515340937 m,0.0005548226779579256 °,15.02394
Fusion IK 1,87.265%,2.1107317030446917 s,0.014259853749612918 m,0.0006012897413034952 °,14.87838