Mode,Success Rate,Time,Distance,Angle
Bio IK,96.70207298269659%,2.0100790423285244 s,0.0032270586866493473 m,0.00010512684242424242 °
Fusion IK 0,96.62783393295643%,2.012183724448619 s,0.0025332776251397134 m,6.369711735817106e-05 °