Mode,Success Rate (%),Time (s),Fitness
Bio IK,95.56700000000001%,2.136477149458325,3.0148934656730053
Fusion IK,95.1%,2.120808514924735,1.6967163538950196