Mode,Success Rate,Time,Distance,Angle
Bio IK,96.99902918165725%,2.0059482511233293 s,0.002781241662787817 m,0.00010125175261655565 °
Fusion IK 0,96.92193478385015%,2.008226972809946 s,0.001970568048256029 m,4.96718884044527e-05 °