Mode,Success Rate,Time,Distance,Angle
Bio IK,85.1207812232311%,2.144744392296856 s,0.016371421902191517 m,0.0006278881549990401 °
Fusion IK 0,84.61538461538461%,2.1391400154977944 s,0.011652927984703054 m,0.0005315302860801783 °
Network 0,0.0%,-,0.6260682429402411 m,0.25622621988384464 °