Mode,Success Rate (%),Time (s),Fitness
Bio IK,98.66%,2.1105561183767754,0.16625172435344374
Fusion IK,98.49%,2.0970409224357685,0.15258222975522578