Mode,Success Rate (%),Time (s),Fitness
Bio IK,81.502%,2.226786073768038,3.0492056147211146
Fusion IK,80.46%,2.1986016469052148,1.774883311279433