Mode,Success Rate,Time,Distance,Angle
Bio IK,95.82262577808235%,2.022042421042775 s,0.006324765854935065 m,0.00021418925481886533 °
Fusion IK 0,95.65987093826737%,2.0238313862723554 s,0.0040452787097960555 m,0.0001529652879605263 °