Mode,Success Rate,Time,Distance,Angle
Bio IK,92.79881217520416%,2.057173953313094 s,0.012034998494512306 m,0.0004764224854877083 °
Fusion IK 0,92.69316429672777%,2.056398465289825 s,0.008917671236479107 m,0.0004181846335677998 °