Mode,Success Rate (%),Time (s),Fitness
Bio IK,96.137%,2.131795111721849,3.010791219869942
Fusion IK,95.77%,2.1170364227070824,1.6862048260146498