Mode,Success Rate (%),Time (s),Fitness
Bio IK,97.491%,2.120824403389119,2.9839689698698013
Fusion IK,97.20299999999999%,2.107615659119847,1.6647133256014277