Mode,Success Rate (%),Time (s),Fitness
Bio IK,97.917%,2.1174251425586794,2.971639273211019
Fusion IK,97.629%,2.104350925355869,1.6674028084145351