Mode,Success Rate (%),Time (s),Fitness
Bio IK,96.6%,2.1282739554773196,3.0004010554689713
Fusion IK,96.263%,2.114177605021258,1.6809727780296821