Mode,Success Rate,Time,Distance,Angle
Bio IK,64.47368421052632%,2.3436578721734826 s,0.01362697003807761 m,0.0005665075026455028 °
Fusion IK 0,58.70927318295739%,2.3464774908925325 s,0.011922395964097127 m,0.0004117755326251897 °
Network 0,0.0%,-,0.6103336960401 m,0.263162713032581 °