Mode,Success Rate,Time,Distance,Angle
Bio IK,90.66586716920793%,2.0833739569869465 s,0.014870885041645765 m,0.000599445484796574 °
Fusion IK 0,90.35463422991262%,2.0805491944745556 s,0.012010003581675576 m,0.0005597138497039667 °