Mode,Success Rate (%),Time (s),Fitness
Bio IK,91.893%,2.160160432578297,3.026378271411071
Fusion IK,91.259%,2.142319571612994,1.7261998379467338