Mode,Success Rate (%),Time (s),Fitness
Bio IK,88.828%,2.1808758692259853,3.0406326869000018
Fusion IK,88.00099999999999%,2.1590702781212125,1.746808426812278