Mode,Success Rate (%),Time (s),Fitness
Bio IK,98.518%,2.1120356219727645,2.955717413393646
Fusion IK,98.312%,2.098439420078106,1.6490694201680276