Mode,Success Rate,Time,Distance,Angle,Milliseconds
Bio IK,95.719%,2.0179565551211693 s,0.005632308902394296 m,0.00020471083461807987 °,67.69203
Fusion IK 0,95.806%,2.016595504184419 s,0.0045414525121077924 m,0.00017522625822603718 °,69.9823
Fusion IK 1,95.705%,2.018880243735418 s,0.0056524773756367955 m,0.0002639186338067519 °,69.82984