Mode,Success Rate (%),Time (s),Fitness
Bio IK,98.315%,2.113655953975606,2.956664493395866
Fusion IK,98.06899999999999%,2.1001326570251555,1.6571261401944026