Mode,Success Rate (%),Time (s),Fitness
Bio IK,98.419%,2.1128316895011388,2.956847316907445
Fusion IK,98.203%,2.0992748547561915,1.6498629713527952