Mode,Success Rate,Time,Distance,Angle
Bio IK,96.28233681685798%,2.0155729610256383 s,0.004307161800645165 m,0.00013846013901689711 °
Fusion IK 0,96.18239963451545%,2.0167218641258406 s,0.003060104764315633 m,9.190356507105462e-05 °