Mode,Success Rate,Time,Distance,Angle,Milliseconds
Bio IK,92.77%,2.0508830159470492 s,0.012270590378869966 m,0.0004603218987828491 °,33.74267
Fusion IK 0,92.952%,2.046733724531766 s,0.009582025838425047 m,0.00040359061309591356 °,35.55713
Fusion IK 1,92.794%,2.0485727710535238 s,0.011700517764383802 m,0.0004891230346933107 °,35.43477