Mode,Success Rate (%),Time (s),Fitness
Bio IK,98.077%,2.116031776251611,2.962806622732751
Fusion IK,97.783%,2.102655756283249,1.6638043572568249