Mode,Success Rate,Time,Distance,Angle
Bio IK,94.09799554565701%,2.0401374093924827 s,0.009678540291403007 m,0.00039780029501693294 °
Fusion IK 0,94.0380332362515%,2.0410617653212855 s,0.00672170459317529 m,0.0003272890660440612 °