Mode,Success Rate (%),Time (s),Fitness
Bio IK,93.686%,2.14980652834121,3.033127441714437
Fusion IK,93.082%,2.1328461990267527,1.7131762166389113