Mode,Success Rate,Time,Distance,Angle,Milliseconds
Bio IK,79.2%,2.2086272202176276 s,0.013422634471251846 m,0.0005202629740576912 °,6.49048
Fusion IK 0,79.82900000000001%,2.182616153772798 s,0.010836542892973623 m,0.000458335840969709 °,7.93671
Fusion IK 1,79.686%,2.189046931894202 s,0.011640822537285113 m,0.00047975766794821245 °,7.94763