Mode,Success Rate,Time,Distance,Angle
Bio IK,95.07166923647993%,2.029568256113046 s,0.007451897594953643 m,0.00027424980504055615 °
Fusion IK 0,94.94032322540119%,2.0309056434541715 s,0.005264217680739285 m,0.00022457329621896168 °