Mode,Success Rate (%),Time (s),Fitness
Bio IK,94.779%,2.142130045566289,3.0243537428171883
Fusion IK,94.28699999999999%,2.1262713618341396,1.7009318866093022