Mode,Success Rate (%),Time (s),Fitness
Bio IK,96.942%,2.1254090876512177,3.000514853752645
Fusion IK,96.641%,2.111728857123712,1.6732223456195727