Mode,Average First Solution Time (ms)
Bio IK,868.825786415548
Exploitative Fusion IK,901.1725694792816
Exploitative Iterative Fusion IK,909.3878867278041
Fusion IK,878.3603405107662
Iterative Fusion IK,897.8184917769755
Minimal Fusion IK,865.373120865905