Mode,Average First Solution Time (ms),Average First Move Time (s)
Bio IK,14.892706872370267,2.189060041909131
Exploitative Fusion IK,19.341828032507273,2.1916254136076923
Exploitative Iterative Fusion IK,31.881487453391113,2.1758782330595547
Fusion IK,16.12769153730596,2.1924685038261176
Iterative Fusion IK,18.735659847573206,2.182769735262956
Minimal Fusion IK,15.590098216075365,2.1955090435064326