Mode,Average First Solution Time (ms),Average First Move Time (s)
Bio IK,15.25070196550341,2.2095108892828783
Exploitative Fusion IK,19.249799196787148,2.2065557322522578
Exploitative Iterative Fusion IK,28.147924224103186,2.191614641124271
Fusion IK,16.28989574979952,2.217224591654978
Iterative Fusion IK,18.468191852297814,2.1990577460458467
Minimal Fusion IK,14.963111467522053,2.2126854051556153