Joint,1,2,3,4,5,6,Average
Accuracy (%),93.65776811527357%,91.18405109648452%,97.86838735246137%,87.52066344912363%,94.66850499731045%,84.3665565225812%,91.54432192220578%