Joint,1,2,3,4,5,6,Average
Accuracy (%),93.37424706562626%,92.40906007777004%,98.06345274545275%,86.86550975502779%,93.63621603001158%,83.98995122041634%,91.38973948238413%