Network,Standard,Minimal
Parameters,35462,34694
Joint 1 Accuracy,83.57601522626152%,88.00268662740942%
Joint 2 Accuracy,80.90352305192326%,88.4032815809708%
Joint 3 Accuracy,83.65561852580112%,89.63991140160128%
Joint 4 Accuracy,86.27236478915904%,88.96228154689074%
Joint 5 Accuracy,74.28080861131079%,74.30723487282404%
Joint 6 Accuracy,85.6916688540297%,87.4059742629528%
Average Accuracy,82.39666650974755%,86.12022838210821%