Network,ABB IRB 7600 Standard,ABB IRB 7600 Minimal
Parameters,78,42
Joint 1 Accuracy,83.39936626078357%,85.01831385185942%
Joint 2 Accuracy,80.45130037445401%,81.34557585076283%
Joint 3 Accuracy,83.90975328153174%,85.45022255416377%
Joint 4 Accuracy,87.7918399690697%,88.75210256546737%
Joint 5 Accuracy,74.56557581404573%,74.50076736415912%
Joint 6 Accuracy,87.32515238952809%,87.46965313136577%
Average Accuracy,82.90716468156877%,83.75610588629638%