Network,ABB IRB 7600 Standard,ABB IRB 7600 Standard Large,ABB IRB 7600 Minimal,ABB IRB 7600 Minimal Large
Parameters,78,546,42,474
Joint 1 Accuracy,83.39936626078357%,87.65589229674806%,85.01831385185942%,90.6472843937343%
Joint 2 Accuracy,80.45130037445401%,91.41762674136844%,81.34557585076283%,92.51446471249423%
Joint 3 Accuracy,83.90975328153174%,89.72835274534125%,85.45022255416377%,92.4204879872466%
Joint 4 Accuracy,87.7918399690697%,87.93063441923354%,88.75210256546737%,88.94976892918348%
Joint 5 Accuracy,74.56557581404573%,74.45541033247835%,74.50076736415912%,74.24940722370754%
Joint 6 Accuracy,87.32515238952809%,87.15228051749044%,87.46965313136577%,87.42884211957454%
Average Accuracy,82.90716468156877%,86.39003284211%,83.75610588629638%,87.70170922765676%