Joint,Standard,Minimal
Joint 1,83.39936626078357%,85.01831385185942%
Joint 2,80.45130037445401%,81.34557585076283%
Joint 3,83.90975328153174%,85.45022255416377%
Joint 4,87.7918399690697%,88.75210256546737%
Joint 5,74.56557581404573%,74.50076736415912%
Joint 6,87.32515238952809%,87.46965313136577%
Average,82.90716468156877%,83.75610588629638%