Epoch,Training,Testing,Best
1,85.42144947161364,85.50521063145543,85.50521063145543